{
  "Model": "segmind/SSD-1B",
  "GPU model": "NVIDIA A100-SXM4-40GB",
  "Batch size": 2,
  "Inference steps": 40,
  "Batch latency (s)": 5.52483332157135,
  "Energy per image (J)": 1051.8848500000313
}