{
  "Model": "SimianLuo/LCM_Dreamshaper_v7",
  "GPU model": "NVIDIA A100-SXM4-40GB",
  "Batch size": 1,
  "Number of inference steps": 50,
  "Batch latency (s)": 1.976478886604309,
  "Batch energy (J)": 562.2945000000298,
  "Energy per image (J)": 562.2945000000298
}