{
  "Model": "SimianLuo/LCM_Dreamshaper_v7",
  "GPU model": "NVIDIA A100-SXM4-40GB",
  "Batch size": 2,
  "Number of inference steps": 50,
  "Batch latency (s)": 2.8392926454544067,
  "Batch energy (J)": 963.2745000000111,
  "Energy per image (J)": 481.63725000000557
}