{
  "Model": "SimianLuo/LCM_Dreamshaper_v7",
  "GPU model": "NVIDIA A100-SXM4-40GB",
  "Batch size": 8,
  "Number of inference steps": 50,
  "Batch latency (s)": 9.450219106674194,
  "Batch energy (J)": 3406.3944000000133,
  "Energy per image (J)": 425.79930000000167
}