{
  "Model": "prompthero/openjourney-v4",
  "GPU model": "NVIDIA A100-SXM4-40GB",
  "Batch size": 4,
  "Number of inference steps": 40,
  "Batch latency (s)": 2.9960870504379273,
  "Batch energy (J)": 1153.2836000000127,
  "Energy per image (J)": 288.3209000000032
}