{
  "Model": "prompthero/openjourney-v4",
  "GPU model": "NVIDIA A100-SXM4-40GB",
  "Batch size": 4,
  "Number of inference steps": 50,
  "Batch latency (s)": 3.6795278787612915,
  "Batch energy (J)": 1418.525800000038,
  "Energy per image (J)": 354.6314500000095
}