{
  "model_id": "deepseek-ai/DeepSeek-V3.1",
  "task": "gpqa",
  "total_params_billions": 671.0,
  "activated_params_billions": 37.0,
  "architecture": "MoE",
  "weight_precision": "fp8",
  "output_length_distribution": {
    "bins": [
      487.0,
      1132.62,
      1778.24,
      2423.86,
      3069.48,
      3715.1,
      4360.72,
      5006.34,
      5651.96,
      6297.58,
      6943.2,
      7588.82,
      8234.44,
      8880.06,
      9525.68,
      10171.3,
      10816.92,
      11462.54,
      12108.16,
      12753.78,
      13399.4,
      14045.02,
      14690.64,
      15336.26,
      15981.880000000001,
      16627.5,
      17273.12,
      17918.74,
      18564.36,
      19209.98,
      19855.6,
      20501.22,
      21146.84,
      21792.46,
      22438.08,
      23083.7,
      23729.32,
      24374.94,
      25020.56,
      25666.18,
      26311.8,
      26957.420000000002,
      27603.04,
      28248.66,
      28894.28,
      29539.9,
      30185.52,
      30831.14,
      31476.760000000002,
      32122.38,
      32768.0
    ],
    "counts": [
      105,
      142,
      129,
      101,
      56,
      72,
      46,
      40,
      53,
      29,
      53,
      25,
      19,
      26,
      20,
      24,
      21,
      18,
      23,
      20,
      19,
      27,
      18,
      16,
      23,
      12,
      16,
      14,
      12,
      14,
      18,
      12,
      15,
      7,
      12,
      14,
      16,
      10,
      11,
      10,
      8,
      3,
      4,
      5,
      2,
      3,
      5,
      3,
      6,
      29
    ]
  },
  "configurations": [
    {
      "gpu_model": "B200",
      "num_gpus": 8,
      "max_num_seqs": 128,
      "max_num_batched_tokens": null,
      "parallelization": {
        "tensor_parallel": 1,
        "expert_parallel": 8,
        "data_parallel": 1,
        "notes": ""
      },
      "energy_per_token_joules": 1.8015998979948604,
      "energy_per_request_joules": 16274.998351249935,
      "avg_output_len": 9033.636363636364,
      "avg_power_watts": 6159.417027277624,
      "median_itl_ms": 39.19294099978288,
      "p90_itl_ms": 43.72462259925669,
      "p95_itl_ms": 45.05074470034742,
      "p99_itl_ms": 46.65174832058254,
      "output_throughput_tokens_per_sec": 1506.8565536135932,
      "avg_batch_size": 127.97902097902097,
      "output_length_distribution": {
        "bins": [
          487.0,
          1132.62,
          1778.24,
          2423.86,
          3069.48,
          3715.1,
          4360.72,
          5006.34,
          5651.96,
          6297.58,
          6943.2,
          7588.82,
          8234.44,
          8880.06,
          9525.68,
          10171.3,
          10816.92,
          11462.54,
          12108.16,
          12753.78,
          13399.4,
          14045.02,
          14690.64,
          15336.26,
          15981.880000000001,
          16627.5,
          17273.12,
          17918.74,
          18564.36,
          19209.98,
          19855.6,
          20501.22,
          21146.84,
          21792.46,
          22438.08,
          23083.7,
          23729.32,
          24374.94,
          25020.56,
          25666.18,
          26311.8,
          26957.420000000002,
          27603.04,
          28248.66,
          28894.28,
          29539.9,
          30185.52,
          30831.14,
          31476.760000000002,
          32122.38,
          32768.0
        ],
        "counts": [
          14,
          24,
          18,
          16,
          9,
          5,
          8,
          6,
          9,
          4,
          7,
          3,
          2,
          4,
          3,
          4,
          2,
          1,
          6,
          1,
          0,
          6,
          3,
          2,
          4,
          0,
          0,
          3,
          1,
          0,
          8,
          0,
          2,
          0,
          2,
          0,
          3,
          2,
          2,
          2,
          2,
          1,
          1,
          0,
          0,
          1,
          1,
          0,
          1,
          5
        ]
      }
    },
    {
      "gpu_model": "B200",
      "num_gpus": 8,
      "max_num_seqs": 16,
      "max_num_batched_tokens": null,
      "parallelization": {
        "tensor_parallel": 1,
        "expert_parallel": 8,
        "data_parallel": 1,
        "notes": ""
      },
      "energy_per_token_joules": 7.342813641173804,
      "energy_per_request_joules": 65303.98064629207,
      "avg_output_len": 8893.59090909091,
      "avg_power_watts": 4907.697680581875,
      "median_itl_ms": 23.8196899954346,
      "p90_itl_ms": 25.742184797127265,
      "p95_itl_ms": 26.12001999950735,
      "p99_itl_ms": 26.771409560169552,
      "output_throughput_tokens_per_sec": 631.053211049158,
      "avg_batch_size": 15.996767676767677,
      "output_length_distribution": {
        "bins": [
          487.0,
          1132.62,
          1778.24,
          2423.86,
          3069.48,
          3715.1,
          4360.72,
          5006.34,
          5651.96,
          6297.58,
          6943.2,
          7588.82,
          8234.44,
          8880.06,
          9525.68,
          10171.3,
          10816.92,
          11462.54,
          12108.16,
          12753.78,
          13399.4,
          14045.02,
          14690.64,
          15336.26,
          15981.880000000001,
          16627.5,
          17273.12,
          17918.74,
          18564.36,
          19209.98,
          19855.6,
          20501.22,
          21146.84,
          21792.46,
          22438.08,
          23083.7,
          23729.32,
          24374.94,
          25020.56,
          25666.18,
          26311.8,
          26957.420000000002,
          27603.04,
          28248.66,
          28894.28,
          29539.9,
          30185.52,
          30831.14,
          31476.760000000002,
          32122.38,
          32768.0
        ],
        "counts": [
          14,
          25,
          19,
          13,
          5,
          13,
          7,
          5,
          5,
          4,
          9,
          4,
          1,
          3,
          3,
          6,
          3,
          3,
          4,
          4,
          0,
          2,
          2,
          5,
          2,
          0,
          2,
          1,
          1,
          1,
          3,
          2,
          4,
          2,
          1,
          3,
          2,
          3,
          3,
          2,
          1,
          0,
          0,
          1,
          0,
          0,
          0,
          0,
          1,
          4
        ]
      }
    },
    {
      "gpu_model": "B200",
      "num_gpus": 8,
      "max_num_seqs": 256,
      "max_num_batched_tokens": null,
      "parallelization": {
        "tensor_parallel": 1,
        "expert_parallel": 8,
        "data_parallel": 1,
        "notes": ""
      },
      "energy_per_token_joules": 1.335067633023306,
      "energy_per_request_joules": 11973.79343495625,
      "avg_output_len": 8968.679292929293,
      "avg_power_watts": 6855.990889183953,
      "median_itl_ms": 55.46886500087567,
      "p90_itl_ms": 60.28186200273922,
      "p95_itl_ms": 62.36090200400213,
      "p99_itl_ms": 86.3645200006431,
      "output_throughput_tokens_per_sec": 1818.2131600753107,
      "avg_batch_size": 255.97607655502392,