{
  "model_id": "meta-llama/Llama-4-Maverick-17B-128E-Instruct-FP8",
  "task": "image-chat",
  "total_params_billions": 400.0,
  "activated_params_billions": 17.0,
  "architecture": "MoE",
  "weight_precision": "fp8",
  "output_length_distribution": {
    "bins": [
      2.0,
      83.88,
      165.76,
      247.64,
      329.52,
      411.4,
      493.28,
      575.16,
      657.04,
      738.92,
      820.8,
      902.68,
      984.56,
      1066.44,
      1148.32,
      1230.1999999999998,
      1312.08,
      1393.96,
      1475.84,
      1557.7199999999998,
      1639.6,
      1721.48,
      1803.36,
      1885.2399999999998,
      1967.12,
      2049.0,
      2130.88,
      2212.7599999999998,
      2294.64,
      2376.52,
      2458.3999999999996,
      2540.2799999999997,
      2622.16,
      2704.04,
      2785.92,
      2867.7999999999997,
      2949.68,
      3031.56,
      3113.4399999999996,
      3195.3199999999997,
      3277.2,
      3359.08,
      3440.96,
      3522.8399999999997,
      3604.72,
      3686.6,
      3768.4799999999996,
      3850.3599999999997,
      3932.24,
      4014.12,
      4096.0
    ],
    "counts": [
      250,
      469,
      982,
      988,
      714,
      590,
      479,
      405,
      263,
      212,
      162,
      135,
      113,
      87,
      66,
      43,
      28,
      27,
      20,
      17,
      11,
      15,
      14,
      8,
      5,
      7,
      9,
      5,
      0,
      3,
      2,
      5,
      0,
      0,
      3,
      0,
      0,
      0,
      2,
      0,
      0,
      0,
      0,
      0,
      0,
      0,
      1,
      0,
      0,
      4
    ]
  },
  "configurations": [
    {
      "gpu_model": "H100",
      "num_gpus": 8,
      "max_num_seqs": 128,
      "max_num_batched_tokens": null,
      "parallelization": {
        "tensor_parallel": 1,
        "expert_parallel": 8,
        "data_parallel": 0,
        "notes": ""
      },
      "energy_per_token_joules": 0.9883188151628524,
      "energy_per_request_joules": 464.5387977793286,
      "avg_power_watts": 3176.0940067706288,
      "median_itl_ms": 33.491447747040255,
      "p90_itl_ms": 50.708362733684304,
      "p95_itl_ms": 78.5571220330894,
      "p99_itl_ms": 198.03789915200673,
      "output_throughput_tokens_per_sec": 2176.307384691725,
      "avg_batch_size": 114.01724137931035,
      "output_length_distribution": {
        "bins": [
          2.0,
          83.88,
          165.76,
          247.64,
          329.52,
          411.4,
          493.28,
          575.16,
          657.04,
          738.92,
          820.8,
          902.68,
          984.56,
          1066.44,
          1148.32,
          1230.1999999999998,
          1312.08,
          1393.96,
          1475.84,
          1557.7199999999998,
          1639.6,
          1721.48,
          1803.36,
          1885.2399999999998,
          1967.12,
          2049.0,
          2130.88,
          2212.7599999999998,
          2294.64,
          2376.52,
          2458.3999999999996,
          2540.2799999999997,
          2622.16,
          2704.04,
          2785.92,
          2867.7999999999997,
          2949.68,
          3031.56,
          3113.4399999999996,
          3195.3199999999997,
          3277.2,
          3359.08,
          3440.96,
          3522.8399999999997,
          3604.72,
          3686.6,
          3768.4799999999996,
          3850.3599999999997,
          3932.24,
          4014.12,
          4096.0
        ],
        "counts": [
          43,
          74,
          170,
          153,
          113,
          112,
          74,
          77,
          50,
          36,
          25,
          15,
          17,
          16,
          12,
          9,
          2,
          5,
          4,
          3,
          2,
          1,
          3,
          1,
          0,
          1,
          1,
          1,
          0,
          0,
          1,
          2,
          0,
          0,
          0,
          0,
          0,
          0,
          0,
          0,
          0,
          0,
          0,
          0,
          0,
          0,
          0,
          0,
          0,
          1
        ]
      }
    },
    {
      "gpu_model": "H100",
      "num_gpus": 8,
      "max_num_seqs": 16,
      "max_num_batched_tokens": null,
      "parallelization": {
        "tensor_parallel": 1,
        "expert_parallel": 8,
        "data_parallel": 0,
        "notes": ""
      },
      "energy_per_token_joules": 2.004227169639193,
      "energy_per_request_joules": 934.0892534906803,
      "avg_power_watts": 2186.6096757160853,
      "median_itl_ms": 12.998633086681366,
      "p90_itl_ms": 16.632903980659574,
      "p95_itl_ms": 34.34370929567979,
      "p99_itl_ms": 76.86544388532639,
      "output_throughput_tokens_per_sec": 954.1675920760981,
      "avg_batch_size": 15.94927536231884,
      "output_length_distribution": {
        "bins": [
          2.0,
          83.88,
          165.76,
          247.64,
          329.52,
          411.4,
          493.28,
          575.16,
          657.04,
          738.92,
          820.8,
          902.68,
          984.56,
          1066.44,
          1148.32,
          1230.1999999999998,
          1312.08,
          1393.96,
          1475.84,
          1557.7199999999998,
          1639.6,
          1721.48,
          1803.36,
          1885.2399999999998,
          1967.12,
          2049.0,
          2130.88,
          2212.7599999999998,
          2294.64,
          2376.52,
          2458.3999999999996,
          2540.2799999999997,
          2622.16,
          2704.04,
          2785.92,
          2867.7999999999997,
          2949.68,
          3031.56,
          3113.4399999999996,
          3195.3199999999997,
          3277.2,
          3359.08,
          3440.96,
          3522.8399999999997,
          3604.72,
          3686.6,
          3768.4799999999996,
          3850.3599999999997,
          3932.24,
          4014.12,
          4096.0
        ],
        "counts": [
          42,
          85,
          160,
          169,
          119,
          96,
          71,
          80,
          34,
          29,
          29,
          31,
          16,
          15,
          11,
          9,
          5,
          3,
          2,
          2,
          2,
          3,
          2,
          3,
          0,
          0,
          2,
          1,
          0,
          1,
          1,
          0,
          0,
          0,
          0,
          0,
          0,
          0,
          1,
          0,
          0,
          0,
          0,
          0,
          0,
          0,
          0,
          0,
          0,
          0
        ]
      }
    },
    {
      "gpu_model": "H100",
      "num_gpus": 8,
      "max_num_seqs": 32,
      "max_num_batched_tokens": null,
      "parallelization": {
        "tensor_parallel": 1,
        "expert_parallel": 8,
        "data_parallel": 0,
        "notes": ""
      },
      "energy_per_token_joules": 1.5308139809168704,
      "energy_per_request_joules": 720.7861548115536,
      "avg_power_watts": 2465.9747181854223,
      "median_itl_ms": 16.251688823103905,
      "p90_itl_ms": 24.53194786642,
      "p95_itl_ms": 67.71142780780792,
      "p99_itl_ms": 85.55312063544993,
      "output_throughput_tokens_per_sec": 1382.5698738061658,
      "avg_batch_size": 31.926056338028168,