{
  "activated_params_billions": 12.0,
  "architecture": "Mamba-Transformer Hybrid",
  "configurations": [
    {
      "avg_batch_size": 7.75764192139738,
      "avg_output_len": 284.767578125,
      "avg_power_watts": 482.5863367851252,
      "energy_per_request_joules": 236.6887403353609,
      "energy_per_token_joules": 0.8311646357137796,
      "gpu_model": "H100",
      "max_num_batched_tokens": null,
      "max_num_seqs": 8,
      "median_itl_ms": 11.504797264933586,
      "num_gpus": 1,
      "output_length_distribution": {
        "bins": [
          1.0,
          82.9,
          164.8,
          246.70000000000002,
          328.6,
          410.5,
          492.40000000000003,
          574.3000000000001,
          656.2,
          738.1,
          820.0,
          901.9000000000001,
          983.8000000000001,
          1065.7,
          1147.6000000000001,
          1229.5,
          1311.4,
          1393.3000000000002,
          1475.2,
          1557.1000000000001,
          1639.0,
          1720.9,
          1802.8000000000002,
          1884.7,
          1966.6000000000001,
          2048.5,
          2130.4,
          2212.3,
          2294.2000000000003,
          2376.1000000000004,
          2458.0,
          2539.9,
          2621.8,
          2703.7000000000003,
          2785.6000000000004,
          2867.5,
          2949.4,
          3031.3,
          3113.2000000000003,
          3195.1000000000004,
          3277.0,
          3358.9,
          3440.8,
          3522.7000000000003,
          3604.6000000000004,
          3686.5000000000005,
          3768.4,
          3850.3,
          3932.2000000000003,
          4014.1000000000004,
          4096.0
        ],
        "counts": [
          296,
          182,
          155,
          108,
          76,
          49,
          40,
          20,
          24,
          17,
          11,
          7,
          8,
          4,
          3,
          2,
          4,
          1,
          2,
          0,
          2,
          1,
          1,
          0,
          2,
          1,
          1,
          0,
          1,
          1,
          0,
          0,
          0,
          0,
          0,
          0,
          0,
          0,
          0,
          0,
          0,
          0,
          0,
          0,
          0,
          0,
          0,
          0,
          0,
          5
        ]
      },
      "output_throughput_tokens_per_sec": 580.6146171879585,
      "p90_itl_ms": 21.919015794992447,
      "p95_itl_ms": 48.092668457098284,
      "p99_itl_ms": 137.56485022604468,
      "parallelization": {
        "data_parallel": 1,
        "expert_parallel": 1,
        "notes": "",
        "tensor_parallel": 1
      }
    },
    {
      "avg_batch_size": 15.700280112044817,
      "avg_output_len": 294.0703125,
      "avg_power_watts": 477.4265437690641,
      "energy_per_request_joules": 182.3945602531625,
      "energy_per_token_joules": 0.6202413249489864,
      "gpu_model": "H100",
      "max_num_batched_tokens": null,
      "max_num_seqs": 16,
      "median_itl_ms": 12.896094471216202,
      "num_gpus": 1,
      "output_length_distribution": {
        "bins": [
          1.0,
          82.9,
          164.8,
          246.70000000000002,
          328.6,
          410.5,
          492.40000000000003,
          574.3000000000001,
          656.2,
          738.1,
          820.0,
          901.9000000000001,
          983.8000000000001,
          1065.7,
          1147.6000000000001,
          1229.5,
          1311.4,
          1393.3000000000002,
          1475.2,
          1557.1000000000001,
          1639.0,
          1720.9,
          1802.8000000000002,
          1884.7,
          1966.6000000000001,
          2048.5,
          2130.4,
          2212.3,
          2294.2000000000003,
          2376.1000000000004,
          2458.0,
          2539.9,
          2621.8,
          2703.7000000000003,
          2785.6000000000004,
          2867.5,
          2949.4,
          3031.3,
          3113.2000000000003,
          3195.1000000000004,
          3277.0,
          3358.9,
          3440.8,
          3522.7000000000003,
          3604.6000000000004,
          3686.5000000000005,
          3768.4,
          3850.3,
          3932.2000000000003,
          4014.1000000000004,
          4096.0
        ],
        "counts": [
          313,
          192,
          138,
          91,
          77,
          55,
          35,
          19,
          23,
          16,
          13,
          6,
          4,
          8,
          4,
          6,
          0,
          2,
          2,
          4,
          1,
          0,
          0,
          2,
          1,
          0,
          0,
          2,
          2,
          0,
          0,
          0,
          1,
          0,
          0,
          0,
          0,
          0,
          1,
          0,
          0,
          0,
          0,
          0,
          0,
          0,
          0,
          0,
          0,
          6
        ]
      },
      "output_throughput_tokens_per_sec": 769.7432024677354,
      "p90_itl_ms": 41.36547502130269,
      "p95_itl_ms": 78.98902645419267,
      "p99_itl_ms": 146.13901338961028,
      "parallelization": {
        "data_parallel": 1,
        "expert_parallel": 1,
        "notes": "",
        "tensor_parallel": 1
      }
    },
    {
      "avg_batch_size": 30.945833333333333,
      "avg_output_len": 268.26953125,
      "avg_power_watts": 478.53790592335764,
      "energy_per_request_joules": 132.42571048674574,
      "energy_per_token_joules": 0.49362933565250244,
      "gpu_model": "H100",
      "max_num_batched_tokens": null,
      "max_num_seqs": 32,
      "median_itl_ms": 20.10738359143337,
      "num_gpus": 1,
      "output_length_distribution": {
        "bins": [
          1.0,
          82.9,
          164.8,
          246.70000000000002,
          328.6,
          410.5,
          492.40000000000003,
          574.3000000000001,
          656.2,
          738.1,
          820.0,
          901.9000000000001,
          983.8000000000001,
          1065.7,
          1147.6000000000001,
          1229.5,
          1311.4,
          1393.3000000000002,
          1475.2,
          1557.1000000000001,
          1639.0,
          1720.9,
          1802.8000000000002,
          1884.7,
          1966.6000000000001,
          2048.5,
          2130.4,
          2212.3,
          2294.2000000000003,
          2376.1000000000004,
          2458.0,
          2539.9,
          2621.8,
          2703.7000000000003,
          2785.6000000000004,
          2867.5,
          2949.4,
          3031.3,
          3113.2000000000003,
          3195.1000000000004,
          3277.0,
          3358.9,
          3440.8,
          3522.7000000000003,
          3604.6000000000004,
          3686.5000000000005,
          3768.4,
          3850.3,
          3932.2000000000003,
          4014.1000000000004,
          4096.0
        ],
        "counts": [
          314,
          185,
          147,
          100,
          75,
          59,
          31,
          30,
          15,
          11,
          6,
          11,
          10,
          8,
          2,
          1,
          6,
          2,
          2,
          0,
          0,
          1,
          2,
          0,
          0,
          1,
          0,
          2,
          0,
          0,
          0,
          0,
          1,
          0,
          0,
          0,
          0,
          0,
          0,
          0,
          0,
          0,
          0,
          0,
          0,
          0,
          0,
          0,
          0,
          2
        ]
      },
      "output_throughput_tokens_per_sec": 969.4276076416807,
      "p90_itl_ms": 82.64031568272175,
      "p95_itl_ms": 123.95818683359286,
      "p99_itl_ms": 326.9735071118231,
      "parallelization": {
        "data_parallel": 1,
        "expert_parallel": 1,