{
  "Model": "SimianLuo/LCM_Dreamshaper_v7",
  "GPU model": "NVIDIA A100-SXM4-40GB",
  "Batch size": 2,
  "Number of inference steps": 40,
  "Batch latency (s)": 2.338404059410095,
  "Batch energy (J)": 803.9830999999307,
  "Energy per image (J)": 401.99154999996534
}