{
  "Model": "kandinsky-community/kandinsky-3",
  "GPU model": "NVIDIA A100-SXM4-40GB",
  "Batch size": 1,
  "Number of inference steps": 40,
  "Batch latency (s)": 4.505924868583679,
  "Batch energy (J)": 1418.2536999999545,
  "Energy per image (J)": 1418.2536999999545
}