{
  "Model": "stabilityai/stable-diffusion-2-1",
  "GPU model": "NVIDIA A100-SXM4-40GB",
  "Batch size": 4,
  "Number of inference steps": 30,
  "Batch latency (s)": 4.633106660842896,
  "Batch energy (J)": 1776.70419999999,
  "Energy per image (J)": 444.1760499999975
}