{
  "Model": "stabilityai/sdxl-turbo",
  "GPU model": "NVIDIA A100-SXM4-40GB",
  "Batch size": 4,
  "Number of inference steps": 40,
  "Batch latency (s)": 4.199305629730224,
  "Batch energy (J)": 1618.6433999999892,
  "Energy per image (J)": 404.6608499999973
}