{
  "Model": "kandinsky-community/kandinsky-2-2-decoder",
  "GPU model": "NVIDIA A100-SXM4-40GB",
  "Batch size": 2,
  "Number of inference steps": 50,
  "Batch latency (s)": 2.7171746730804442,
  "Batch energy (J)": 906.1680999999866,
  "Energy per image (J)": 453.0840499999933
}