{
  "Model": "kandinsky-community/kandinsky-3",
  "GPU model": "NVIDIA A100-SXM4-40GB",
  "Batch size": 2,
  "Number of inference steps": 30,
  "Batch latency (s)": 6.089780259132385,
  "Batch energy (J)": 2099.274700000044,
  "Energy per image (J)": 1049.637350000022
}