{
  "Model": "stabilityai/sdxl-turbo",
  "GPU model": "NVIDIA A100-SXM4-40GB",
  "Batch size": 4,
  "Number of inference steps": 50,
  "Batch latency (s)": 5.153742575645447,
  "Batch energy (J)": 1999.8222999999766,
  "Energy per image (J)": 499.95557499999416
}