{
  "Model": "segmind/SSD-1B",
  "GPU model": "NVIDIA A100-SXM4-40GB",
  "Batch size": 4,
  "Inference steps": 50,
  "Batch latency (s)": 13.224332332611084,
  "Energy per image (J)": 1274.6545750000048
}