{
  "Model": "segmind/SSD-1B",
  "GPU model": "NVIDIA A100-SXM4-40GB",
  "Batch size": 4,
  "Number of inference steps": 50,
  "Batch latency (s)": 13.224332332611084,
  "Batch energy (J)": 5098.618300000019,
  "Energy per image (J)": 1274.6545750000048
}