{
  "Model": "stabilityai/stable-cascade",
  "GPU model": "NVIDIA A100-SXM4-40GB",
  "Batch size": 8,
  "Number of inference steps": 50,
  "Batch latency (s)": 17.569859433174134,
  "Batch energy (J)": 5591.291900000023,
  "Energy per image (J)": 698.9114875000029
}