{
  "Model": "segmind/SSD-1B",
  "GPU model": "NVIDIA A100-SXM4-40GB",
  "Batch size": 4,
  "Number of inference steps": 30,
  "Batch latency (s)": 8.38827941417694,
  "Batch energy (J)": 3203.5705000000075,
  "Energy per image (J)": 800.8926250000019
}