{
  "Model": "segmind/SSD-1B",
  "GPU model": "NVIDIA A100-SXM4-40GB",
  "Batch size": 8,
  "Inference steps": 30,
  "Batch latency (s)": 18.065237832069396,
  "Energy per image (J)": 859.7446249999979
}